{
  "project_info": {
    "project_number": "536780608687",
    "project_id": "fast-e-waiter-app",
    "storage_bucket": "fast-e-waiter-app.appspot.com"
  },
  "client": [
    {
      "client_info": {
        "mobilesdk_app_id": "1:536780608687:android:df4f87706f3c6e7f31b05a",
        "android_client_info": {
          "package_name": "com.app.restaurantmanagementapp"
        }
      },
      "oauth_client": [
        {
          "client_id": "536780608687-dehenp7hgt6qgv8kv2misjegp652lgel.apps.googleusercontent.com",
          "client_type": 3
        }
      ],
      "api_key": [
        {
          "current_key": "AIzaSyD7U2lk8mmaWf1kZw3OgVaoG7AlN_z397g"
        }
      ],
      "services": {
        "appinvite_service": {
          "other_platform_oauth_client": [
            {
              "client_id": "536780608687-dehenp7hgt6qgv8kv2misjegp652lgel.apps.googleusercontent.com",
              "client_type": 3
            }
          ]
        }
      }
    }
  ],
  "configuration_version": "1"
}